Country,Year,Proportion of seats held by women in national parliaments 
Kenya,2019,0.217765043
South Africa,2019,0.463476071
Seychelles,2019,0.212121212
Sierra Leone,2019,0.123287671
Rwanda,2019,0.6125
Nigeria,2019,0.033802817
Namibia,2019,0.427083333
Morocco,2019,0.205063291
Malawi,2019,0.229166667
Ghana,2019,0.130909091
Uganda,2019,0.348583878
